City_ID,City,Lat,Lng,Max Temp,Humidity,Cloudiness,Wind Speed,Country,Date
0,lebu,-37.6167,-73.65,8.55,72,90,4.45,CL,1689397829
1,bilibino,68.0546,166.4372,27.43,31,25,5.04,RU,1689397829
2,hirara,24.8,125.2833,34.15,62,75,7.72,JP,1689397830
3,grytviken,-54.2811,-36.5092,-3.75,72,2,3.3,GS,1689397830
4,wayne,42.2506,-83.2833,23.3,88,100,5.14,US,1689397830
5,east london,-33.0153,27.9116,17.44,38,94,5.54,ZA,1689397830
6,sechura,-5.5569,-80.8222,22.61,75,13,5.76,PE,1689397831
7,port-aux-francais,-49.35,70.2167,2.39,60,53,16.5,TF,1689397831
8,ilulissat,69.2167,-51.1,9.01,81,100,2.06,GL,1689397832
9,ola,59.5833,151.2833,21.75,74,9,4.93,RU,1689397832
10,ifakara,-8.1333,36.6833,19.59,58,9,0.42,TZ,1689397832
11,west island,-12.1568,96.8225,25.99,73,40,6.69,CC,1689397832
12,san pedro pochutla,15.7333,-96.4667,25.95,79,100,2.06,MX,1689397833
13,datong,40.0936,113.2914,26.22,33,1,6.84,CN,1689397833
14,tiksi,71.6872,128.8694,7.09,66,80,1.3,RU,1689397833
15,udachny,66.4167,112.4,11.92,43,72,6.84,RU,1689397834
16,brookings,44.3114,-96.7984,19.19,88,0,2.57,US,1689397834
17,flin flon,54.7682,-101.865,11.28,78,62,4.8,CA,1689397834
18,mweka,-4.85,21.5667,18.73,56,3,0.69,CD,1689397835
19,waitangi,-43.9535,-176.5597,8.79,83,100,1.79,NZ,1689397835
20,mikuni,36.2171,136.1519,30.05,66,87,5.89,JP,1689397836
21,blackmans bay,-43.0167,147.3167,10.07,63,15,5.5,AU,1689397836
22,grand falls-windsor,48.9332,-55.6649,18.61,93,100,4.13,CA,1689397836
23,north side,19.35,-81.2,29.44,87,28,5.37,KY,1689397837
24,rongelap,11.1635,166.8941,28.3,79,80,8.43,MH,1689397837
25,carnarvon,-24.8667,113.6333,20.73,35,0,7.96,AU,1689397837
26,atafu village,-8.5421,-172.5159,28.47,73,27,5.11,TK,1689397838
27,olonkinbyen,70.9221,-8.7187,4.85,97,100,5.51,SJ,1689397838
28,namibe,-15.1961,12.1522,18.3,42,0,2.46,AO,1689397838
29,isafjordur,66.0755,-23.124,5.53,96,100,6.81,IS,1689397838
30,raja,8.4596,25.678,21.04,96,100,2.08,SS,1689397839
31,invercargill,-46.4,168.35,11.32,74,100,3.92,NZ,1689397839
32,bethel,41.3712,-73.414,23.63,89,97,1.12,US,1689397560
33,souillac,-20.5167,57.5167,24.21,78,75,3.6,MU,1689397840
34,margaret river,-33.95,115.0667,14.96,58,7,5.99,AU,1689397840
35,puerto natales,-51.7236,-72.4875,-2.98,92,86,0.84,CL,1689397840
36,laojunmiao,39.8333,97.7333,27.65,13,3,2.85,CN,1689397841
37,talnakh,69.4865,88.3972,7.49,85,99,4.22,RU,1689397841
38,edinburgh of the seven seas,-37.0676,-12.3116,15.98,93,100,15.29,SH,1689397842
39,arevalo,41.0626,-4.7204,16.83,95,4,2.88,ES,1689397842
40,papatowai,-46.5619,169.4708,11.21,74,99,2.93,NZ,1689397843
41,iskateley,67.6803,53.1512,19.84,52,39,1.95,RU,1689397843
42,avarua,-21.2078,-159.775,25.03,88,100,1.03,CK,1689397844
43,vila velha,-20.3297,-40.2925,19.41,77,75,4.12,BR,1689397844
44,essaouira,31.5125,-9.77,20.19,87,0,9.42,MA,1689397845
45,palikir - national government center,6.9248,158.1611,30.47,70,75,4.12,FM,1689397599
46,tarauaca,-8.1614,-70.7656,22.81,78,3,0.61,BR,1689397846
47,bredasdorp,-34.5322,20.0403,10.97,79,1,3.35,ZA,1689397846
48,strezhevoy,60.7333,77.5889,9.85,89,100,7.12,RU,1689397847
49,adamstown,-25.066,-130.1015,21.84,77,20,7.08,PN,1689397847
50,mount gambier,-37.8333,140.7667,11.73,54,59,3.68,AU,1689397847
51,cromer,52.9312,1.2989,15.95,91,100,8.16,GB,1689397848
52,puerto deseado,-47.7503,-65.8938,2.56,79,100,4.04,AR,1689397848
53,st. john's,47.5649,-52.7093,16.63,90,98,1.79,CA,1689397848
54,albany,42.6001,-73.9662,21.44,92,33,0.45,US,1689397610
55,hawaiian paradise park,19.5933,-154.9731,25.73,82,75,3.6,US,1689397849
56,luderitz,-26.6481,15.1594,13.22,66,0,0.91,NA,1689397839
57,minas de marcona,-15.2119,-75.1103,12.17,89,64,3.88,PE,1689397849
58,badger,64.8,-147.5333,19.14,76,75,4.63,US,1689397850
59,lata,40.1629,-8.3327,18.37,91,48,1.14,PT,1689397850
60,road town,18.4167,-64.6167,28.05,80,13,8.7,VG,1689397850
61,sur,22.5667,59.5289,32.71,55,26,3.54,OM,1689397850
62,anadyr,64.75,177.4833,15.28,72,75,4.0,RU,1689397851
63,colonia,50.9333,6.95,22.71,56,0,1.03,DE,1689397621
64,armenia,40.0,45.0,20.47,56,2,1.13,AM,1689397851
65,lorengau,-2.0226,147.2712,28.7,75,96,6.1,PG,1689397852
66,ushuaia,-54.8,-68.3,-2.26,90,82,3.45,AR,1689397559
67,priozersk,61.0393,30.1291,17.75,100,100,1.64,RU,1689397853
68,acapulco de juarez,16.8634,-99.8901,27.9,78,40,1.54,MX,1689397853
69,nishinoomote,30.7333,131.0,29.09,74,90,7.11,JP,1689397635
70,pontes e lacerda,-15.2261,-59.3353,13.96,66,33,1.88,BR,1689397853
71,knysna,-34.0363,23.0471,15.5,52,49,4.36,ZA,1689397854
72,luganville,-15.5333,167.1667,24.02,80,100,6.73,VU,1689397854
73,ribeira grande,38.5167,-28.7,19.32,85,86,1.34,PT,1689397854
74,port mathurin,-19.6833,63.4167,23.79,80,100,6.85,MU,1689397854
75,port elizabeth,-33.918,25.5701,16.17,45,99,5.37,ZA,1689397855
76,whitehorse,60.7161,-135.0538,22.95,41,46,2.24,CA,1689397855
77,vernon,50.2581,-119.2691,23.74,53,63,1.03,CA,1689397855
78,anloga,5.7947,0.8973,25.31,88,84,3.37,GH,1689397855
79,longyearbyen,78.2186,15.6401,11.91,47,0,5.14,SJ,1689397856
80,salalah,17.0151,54.0924,26.05,100,100,4.12,OM,1689397856
81,tadine,-21.55,167.8833,21.2,66,44,10.45,NC,1689397856
82,hasaki,35.7333,140.8333,30.22,82,100,7.71,JP,1689397856
83,labrador city,52.9463,-66.9114,13.06,97,6,2.09,CA,1689397857
84,nar'yan-mar,67.6713,53.087,19.88,52,40,1.97,RU,1689397857
85,chibougamau,49.9168,-74.3659,13.12,91,64,2.49,CA,1689397857
86,sultanah,24.4926,39.5857,37.25,7,0,1.03,SA,1689397858
87,uturoa,-16.7333,-151.4333,26.19,71,3,5.14,PF,1689397858
88,banff,51.1762,-115.5698,13.21,88,44,1.03,CA,1689397858
89,constantia,44.1833,28.65,25.39,65,71,5.08,RO,1689397858
90,mpika,-11.8343,31.4529,9.04,82,28,3.56,ZM,1689397858
91,mugia,43.1041,-9.2179,17.73,77,70,6.28,ES,1689397859
92,polyarnyy,69.1989,33.4478,16.47,78,100,1.87,RU,1689397859
93,aksu,41.1231,80.2644,35.82,16,88,1.88,CN,1689397859
94,dien bien phu,21.3833,103.0167,27.07,90,100,1.08,VN,1689397650
95,trunovskoye,45.4878,42.1358,23.72,68,27,9.85,RU,1689397860
96,sinan,34.8262,126.1086,25.06,97,100,8.92,KR,1689397860
97,kodiak,57.79,-152.4072,16.73,72,100,1.54,US,1689397860
98,toppenish,46.3774,-120.3087,28.82,26,0,0.86,US,1689397860
99,moussoro,13.6408,16.4901,28.65,52,80,2.53,TD,1689397861
100,neryungri,56.6709,124.6491,16.65,64,84,3.12,RU,1689397861
101,enewetak,11.3474,162.3373,28.5,80,91,7.37,MH,1689397861
102,yellowknife,62.456,-114.3525,13.66,60,8,2.82,CA,1689397861
103,utrik,11.2278,169.8474,28.28,78,18,8.77,MH,1689397862
104,hagere hiywet,8.9833,37.85,16.36,86,33,1.22,ET,1689397862
105,khromtau,50.2503,58.4347,18.81,54,17,5.55,KZ,1689397862
106,georgetown,5.4112,100.3354,31.24,96,20,2.57,MY,1689397843
107,antofagasta,-23.65,-70.4,18.6,85,87,0.85,CL,1689397863
108,touros,-5.1989,-35.4608,25.01,84,3,4.58,BR,1689397863
109,tamanrasset,22.785,5.5228,22.95,27,0,2.06,DZ,1689397864
110,kenai,60.5544,-151.2583,16.05,91,100,6.17,US,1689397864
111,cockburn town,21.4612,-71.1419,28.18,83,6,8.36,TC,1689397864
112,contamana,-7.3333,-75.0167,25.52,68,43,1.0,PE,1689397865
113,ghat,24.9647,10.1728,26.78,14,0,1.31,LY,1689397865
114,remire-montjoly,4.9167,-52.2667,24.02,94,0,0.0,GF,1689397866
115,tromso,69.6496,18.957,14.01,88,75,1.54,NO,1689397867
116,oituz,46.2,26.6167,20.27,73,72,0.86,RO,1689397867
117,gaspe,48.8334,-64.4819,16.95,100,100,2.06,CA,1689397867
118,kokuy,52.2037,117.5529,29.93,23,8,3.49,RU,1689397868
119,saint-laurent-du-maroni,5.5039,-54.0289,22.89,98,29,1.25,GF,1689397682
120,afaahiti,-17.75,-149.2833,24.93,72,0,3.52,PF,1689397869
121,sira,13.7453,76.9092,27.5,59,100,6.92,IN,1689397869
122,lensk,60.7253,114.9278,17.42,33,56,3.48,RU,1689397741
123,haiku-pauwela,20.9219,-156.3051,25.28,76,20,6.17,US,1689397870
124,saipan,15.1355,145.701,29.39,100,40,5.66,MP,1689397871
125,margate,51.3813,1.3862,17.17,93,57,3.13,GB,1689397871
126,moroeni,45.2167,25.4333,22.53,76,92,1.19,RO,1689397871
127,curvelo,-18.7564,-44.4308,16.44,37,16,2.18,BR,1689397872
128,port lincoln,-34.7333,135.8667,13.26,52,69,6.63,AU,1689397872
129,belmonte,-15.8631,-38.8828,23.19,88,22,0.98,BR,1689397873
130,thompson,55.7435,-97.8558,11.09,100,100,4.12,CA,1689397873
131,arraial do cabo,-22.9661,-42.0278,19.7,66,100,4.78,BR,1689397874
132,puerto ayora,-0.7393,-90.3518,25.31,91,70,3.58,EC,1689397875
133,hermanus,-34.4187,19.2345,13.31,68,1,4.41,ZA,1689397875
134,sambava,-14.2667,50.1667,21.9,70,30,5.7,MG,1689397875
135,saint-pierre-du-mont,43.8845,-0.5219,19.9,95,100,0.51,FR,1689397660
136,brak,27.5496,14.2714,24.6,40,0,4.57,LY,1689397876
137,severo-yeniseyskiy,60.3725,93.0408,20.04,34,10,1.54,RU,1689397876
138,vila franca do campo,37.7167,-25.4333,19.23,79,88,2.2,PT,1689397876
139,fale old settlement,-9.3852,-171.2468,28.42,74,6,5.95,TK,1689397877
140,wajir,1.7471,40.0573,24.07,71,39,6.36,KE,1689397877
141,pingzhuang,42.0372,119.2889,22.91,51,87,8.26,CN,1689397877
142,deqen,29.9618,90.7188,14.82,71,100,2.35,CN,1689397878
143,dona mencia,37.5578,-4.3694,20.69,46,0,1.55,ES,1689397878
144,hazorasp,41.3194,61.0742,27.91,17,0,5.25,UZ,1689397878
145,la palma,33.8464,-118.0467,28.73,68,0,3.09,US,1689397879
146,eloy,32.7559,-111.5548,38.87,23,48,3.02,US,1689397879
147,willowmore,-33.2926,23.4895,8.56,53,68,1.75,ZA,1689397879
148,buta,2.7858,24.73,21.1,98,82,0.46,CD,1689397880
149,klyuchi,52.2667,79.1667,24.64,48,7,9.25,RU,1689397880
150,pauls valley,34.7401,-97.2223,28.17,89,100,4.12,US,1689397880
151,turpan,42.9333,89.1667,44.46,8,31,1.9,CN,1689397881
152,arteche,12.2645,125.4048,31.33,63,97,2.8,PH,1689397881
153,alice springs,-23.7,133.8833,24.75,27,40,4.12,AU,1689397881
154,nova sintra,14.8667,-24.7167,22.07,87,98,3.16,CV,1689397882
155,le port,-20.9373,55.2919,24.38,94,88,1.52,RE,1689397883
156,medina,24.4686,39.6142,37.24,7,0,1.03,SA,1689397883
157,charlotte,35.2271,-80.8431,25.05,91,40,1.54,US,1689397884
158,mahina,-17.5065,-149.489,25.87,69,20,3.09,PF,1689397884
159,vilyuchinsk,52.9306,158.4028,16.15,91,100,2.19,RU,1689397884
160,bairnsdale,-37.8333,147.6167,15.59,60,100,0.89,AU,1689397885
161,college,64.8569,-147.8028,19.18,76,75,4.63,US,1689397885
162,puerto carreno,6.189,-67.4859,23.76,94,99,0.84,CO,1689397885
163,emboscada,-25.15,-57.35,8.89,87,0,1.54,PY,1689397886
164,iqaluit,63.7506,-68.5145,6.85,100,100,0.0,CA,1689397886
165,beneditinos,-5.45,-42.3667,25.65,58,79,1.08,BR,1689397887
166,magadan,59.5667,150.8,21.41,74,6,4.37,RU,1689397887
167,fuyang,32.9,115.8167,32.03,47,98,3.1,CN,1689397888
168,greymouth,-42.4667,171.2,10.78,90,42,1.06,NZ,1689397888
169,dwarka,22.2394,68.9678,29.2,75,95,8.67,IN,1689397888
170,tura,25.5198,90.2201,27.11,82,98,2.51,IN,1689397889
171,crane,31.3974,-102.3501,32.27,25,33,7.0,US,1689397889
172,carnot,4.9409,15.8665,20.05,96,81,0.59,CF,1689397889
173,geraldton,-28.7667,114.6,16.23,51,0,6.69,AU,1689397739
174,lospalos,-8.5186,127.0025,24.98,72,100,5.12,TL,1689397605
175,almenara,-16.1836,-40.6944,21.27,87,67,0.85,BR,1689397890
176,vorgashor,67.5833,63.95,17.4,50,46,3.89,RU,1689397890
177,saint-philippe,-21.3585,55.7679,21.73,88,97,7.95,RE,1689397890
178,hastings,50.8552,0.5729,17.18,46,58,9.01,GB,1689397891
179,kalkandere,40.928,40.4419,24.7,39,0,0.7,TR,1689397891
180,wailua homesteads,22.0669,-159.378,27.24,79,20,4.63,US,1689397892
181,teknaf,20.8624,92.3058,28.8,76,61,6.33,BD,1689397760
182,tazovsky,67.4667,78.7,12.05,57,14,3.5,RU,1689397893
183,zavidovo,56.5333,36.5333,13.27,98,100,1.52,RU,1689397893
184,igarka,67.4667,86.5833,8.1,86,100,3.77,RU,1689397893
185,sao gabriel da cachoeira,-0.1303,-67.0892,22.74,95,53,0.88,BR,1689397893
186,arno,60.1167,18.6333,15.44,68,23,1.93,SE,1689397894
187,jamestown,42.097,-79.2353,18.8,90,0,1.54,US,1689397894
188,xinyuan,37.3,99.0,17.71,33,4,0.96,CN,1689397894
189,qarauyl,48.9451,79.255,27.36,18,47,8.78,KZ,1689397894
190,visakhapatnam,17.69,83.2093,30.94,74,75,6.17,IN,1689397675
191,kunming,25.0389,102.7183,25.96,33,95,4.16,CN,1689397805
192,santona,43.4439,-3.4576,20.17,92,66,2.34,ES,1689397895
193,kruisfontein,-34.0033,24.7314,14.94,44,87,5.51,ZA,1689397895
194,kongsvinger,60.1905,11.9977,14.37,90,95,1.93,NO,1689397895
195,holualoa,19.6228,-155.9522,25.43,83,40,3.09,US,1689397896
196,znamenskoye,57.1281,73.8282,22.56,70,87,0.71,RU,1689397896
197,la passe,45.5549,-0.8967,20.55,74,41,5.23,FR,1689397896
198,lagoa santa,-19.6272,-43.8897,14.54,72,0,2.57,BR,1689397897
199,teterow,53.7833,12.5667,21.06,63,83,5.27,DE,1689397898
200,trindade,-16.6494,-49.4889,14.86,69,53,1.81,BR,1689397898
201,thunder bay,48.4001,-89.3168,14.99,94,75,1.03,CA,1689397898
202,anaconda,46.1285,-112.9423,14.55,58,4,1.34,US,1689397898
203,yarmouth,41.7057,-70.2286,22.76,95,75,1.54,US,1689397899
204,bac lieu,9.285,105.7244,32.32,54,100,8.99,VN,1689397752
205,meadow lakes,61.6247,-149.6011,16.69,89,100,0.0,US,1689397899
206,panacan,9.2463,118.4082,28.77,80,99,6.75,PH,1689397899
207,stanley,54.868,-1.6985,13.19,92,20,3.09,GB,1689397899
208,santiago de cao,-7.9589,-79.2392,21.07,88,13,2.57,PE,1689397900
209,el alto,-4.2714,-81.2147,21.63,79,64,6.87,PE,1689397900
210,sinabang,2.4803,96.3801,29.25,64,65,0.24,ID,1689397901
211,thames,-37.1333,175.5333,13.09,80,29,3.47,NZ,1689397848
212,taperoa,-7.2075,-36.8267,20.37,90,49,4.77,BR,1689397901
213,gamba,-2.65,10.0,19.35,96,59,1.72,GA,1689397902
214,hamilton,39.1834,-84.5333,23.82,81,0,2.06,US,1689397902
215,sharkan,57.2989,53.8712,13.27,93,100,3.4,RU,1689397902
216,gadzhiyevo,69.2551,33.3362,16.84,76,100,1.29,RU,1689397903
217,tralee,52.2704,-9.7026,13.01,96,94,3.38,IE,1689397865
218,oroqen zizhiqi,50.5667,123.7167,26.59,47,100,2.95,CN,1689397903
219,ellsworth,44.5434,-68.4195,21.27,97,100,0.45,US,1689397904
220,akureyri,65.6835,-18.0878,4.96,87,100,3.6,IS,1689397904
221,awjilah,29.1081,21.2869,26.11,48,0,4.92,LY,1689397905
222,tabuk,17.4189,121.4443,30.54,69,100,3.0,PH,1689397905
223,yorkton,51.2167,-102.4677,10.91,87,100,3.6,CA,1689397905
224,nyandoma,61.669,40.1991,15.2,76,100,0.71,RU,1689397906
225,noyon,49.5833,3.0,19.47,83,43,4.47,FR,1689397906
226,livingston,55.9029,-3.5226,15.2,86,75,2.06,GB,1689397907
227,kolyvan',55.3053,82.7391,29.79,48,92,2.17,RU,1689397910
228,ust'-ilimsk,58.0006,102.6619,22.93,24,5,2.32,RU,1689397910
229,okha,53.5739,142.9478,17.02,62,1,5.36,RU,1689397911
230,buenaventura,3.8801,-77.0312,23.9,96,98,1.45,CO,1689397911
231,sukhobezvodnoye,57.0491,44.8891,15.67,78,99,2.14,RU,1689397911
232,argo,37.6333,22.7333,32.49,28,0,2.0,GR,1689397912
233,roberval,48.5168,-72.2324,19.35,77,75,1.03,CA,1689397912
234,princeville,45.7668,-61.2985,19.62,96,0,2.57,CA,1689397912
235,vadso,70.0744,29.7487,17.49,82,75,2.06,NO,1689397913
236,antalaha,-14.9003,50.2788,22.25,66,76,4.63,MG,1689397913
237,kalabo,-14.97,22.6814,8.72,65,0,2.88,ZM,1689397913
238,taulaga,-11.0553,-171.0883,27.75,78,45,7.19,AS,1689397914
239,papao,-17.75,-149.55,25.82,69,0,3.77,PF,1689397915
240,chiredzi,-21.05,31.6667,11.43,86,13,1.43,ZW,1689397915
241,sarmiento,-45.5882,-69.07,0.13,95,100,3.77,AR,1689397915
242,viedma,-40.8135,-62.9967,5.47,81,1,2.59,AR,1689397916
243,pangody,65.85,74.4859,18.37,40,50,4.28,RU,1689397916
244,wenling,28.3669,121.36,30.78,73,53,4.55,CN,1689397916
245,praia da vitoria,38.7333,-27.0667,18.75,86,54,3.79,PT,1689397917
246,kyaikkami,16.08,97.5675,27.69,78,72,3.62,MM,1689397917
247,maceio,-9.6658,-35.7353,22.69,94,0,2.57,BR,1689397918
248,luwuk,-0.9516,122.7875,25.37,81,100,2.38,ID,1689397423
249,sanctuary point,-35.1114,150.629,23.51,45,100,4.21,AU,1689397919
250,talara,-4.5772,-81.2719,22.61,82,50,6.64,PE,1689397919
251,the pas,53.8251,-101.2541,14.01,67,40,6.17,CA,1689397920
252,general acha,-37.377,-64.6043,5.53,68,1,4.18,AR,1689397920
253,tsiombe,-25.3,45.4833,18.74,58,0,4.64,MG,1689397920
254,newman,37.3138,-121.0208,29.6,41,0,1.34,US,1689397921
255,iquique,-20.2208,-70.1431,18.02,79,29,0.44,CL,1689397921
256,nogliki,51.8333,143.1667,15.27,70,0,4.47,RU,1689397921
257,karachev,53.1229,34.9852,16.16,86,67,4.08,RU,1689397922
258,lerwick,60.1545,-1.1494,15.0,87,100,8.74,GB,1689397922
259,qurayyat,31.3318,37.3428,31.11,18,90,4.72,SA,1689397918
260,ascension,30.2169,-90.9001,29.12,89,0,0.0,US,1689397922
261,pisco,-13.7,-76.2167,20.03,83,100,4.12,PE,1689397923
262,flying fish cove,-10.4217,105.6791,25.82,78,75,5.14,CX,1689397923
263,usogorsk,63.4106,48.6872,19.43,61,84,2.09,RU,1689397923
264,lethem,3.3803,-59.7968,23.8,89,22,2.67,GY,1689397924
265,isangel,-19.55,169.2667,23.06,78,40,3.09,VU,1689397924
266,okhotsk,59.3833,143.3,16.05,78,95,4.08,RU,1689397924
267,al bawiti,28.3492,28.8659,26.73,40,33,3.46,EG,1689397924
268,goundi,9.3627,17.366,22.04,97,100,2.7,TD,1689397925
269,eirunepe,-6.6603,-69.8736,23.37,81,46,0.66,BR,1689397925
270,puerto armuelles,8.2833,-82.8667,27.27,84,100,1.34,PA,1689397925
271,las matas de santa cruz,19.6712,-71.5047,26.88,75,2,4.71,DO,1689397926
272,st. johns,47.5649,-52.7093,18.66,92,100,7.2,CA,1689397926
273,tchintabaraden,15.8969,5.7985,31.71,42,79,5.42,NE,1689397927
274,qaqortoq,60.7167,-46.0333,6.1,93,84,1.11,GL,1689397927
275,puerto lempira,15.2667,-83.7667,26.11,91,98,3.52,HN,1689397927
276,arica,-18.475,-70.3042,18.13,77,100,2.06,CL,1689397928
277,duyun,26.2667,107.5167,27.72,64,65,4.15,CN,1689397928
278,claveria,18.6074,121.0832,28.77,79,100,2.53,PH,1689397928
279,kapuskasing,49.4169,-82.4331,17.05,94,40,3.6,CA,1689397929
280,la'ie,21.6477,-157.9253,27.98,71,2,1.79,US,1689397929
281,butiama,-1.7667,33.9667,17.43,55,24,2.75,TZ,1689397929
282,mallow,52.1333,-8.6333,13.06,96,39,1.97,IE,1689397930
283,rosso,16.4986,-15.8153,26.05,80,100,5.95,SN,1689397931
284,koulikoro,14.0,-7.75,26.56,67,91,1.34,ML,1689397931
285,keflavik,64.0049,-22.5624,9.24,71,100,12.86,IS,1689397932
286,sakata,38.9167,139.855,23.38,96,100,8.08,JP,1689397852
287,chernyshevskiy,63.0128,112.4714,13.27,35,77,3.5,RU,1689397932
288,nouadhibou,20.931,-17.0347,23.99,94,40,4.12,MR,1689397933
289,lubang,13.8584,120.124,27.21,77,100,10.32,PH,1689397933
290,jayapura,-2.5333,140.7,26.66,79,79,1.92,ID,1689397778
291,hithadhoo,-0.6,73.0833,28.24,75,11,3.1,MV,1689397933
292,saryozek,44.3583,77.9753,30.45,18,5,5.44,KZ,1689397934
293,alofi,-19.0595,-169.9187,23.96,80,94,9.82,NU,1689397934
294,dolores,-36.3132,-57.6792,4.59,86,98,3.31,AR,1689397935
295,mili,6.0815,171.735,27.36,82,100,7.38,MH,1689397935
296,ataq,14.5377,46.8319,27.1,41,12,5.1,YE,1689397935
297,katabu,-4.9333,122.5167,30.12,58,79,1.78,ID,1689397936
298,laguna,38.421,-121.4238,30.81,46,0,3.09,US,1689397937
299,griffith,41.5284,-87.4237,21.96,92,40,4.12,US,1689397937
300,cambria,35.5641,-121.0808,25.43,71,10,2.45,US,1689397938
301,saint-francois,46.4154,3.9054,21.69,60,8,1.54,FR,1689397938
302,ad dabbah,18.05,30.95,32.49,11,73,4.07,SD,1689397938
303,san antonio de pale,-1.4014,5.6325,23.09,83,92,5.21,GQ,1689397938
304,bucerias,20.75,-105.3333,28.99,61,40,0.0,MX,1689397939
305,el galpon,-25.3807,-64.6526,7.27,79,0,1.42,AR,1689397939
306,bojnurd,37.4747,57.329,27.04,38,3,3.21,IR,1689397941
307,alvinopolis,-20.1067,-43.0489,11.9,83,8,2.07,BR,1689397941
308,concepcion,-36.827,-73.0498,4.89,93,20,2.06,CL,1689397941
309,ikalamavony,-21.15,46.5833,14.36,70,10,4.84,MG,1689397942
310,calabozo,8.9242,-67.4293,22.54,99,100,1.84,VE,1689397942
311,ilabaya,-17.4208,-70.5133,17.65,43,37,1.28,PE,1689397942
312,andergrove,-21.0833,149.1833,22.58,73,29,5.88,AU,1689397943
313,shindand,33.3029,62.1474,33.97,10,0,5.69,AF,1689397943
314,betio village,1.358,172.9211,30.02,71,32,2.64,KI,1689397944
315,arba minch,6.0333,37.55,20.24,73,85,1.04,ET,1689397944
316,shilovo,54.3204,40.874,15.27,83,100,2.95,RU,1689397944
317,portland,45.5234,-122.6762,27.99,54,0,4.63,US,1689397923
318,sakassou,7.4546,-5.2926,23.91,98,28,1.58,CI,1689397945
319,sitka,57.0531,-135.33,13.94,88,75,0.0,US,1689397946
320,canutama,-6.5339,-64.3831,23.61,80,28,0.44,BR,1689397946
321,aasiaat,68.7098,-52.8699,3.0,99,100,3.73,GL,1689397946
322,zahedan,29.4963,60.8629,31.95,17,0,2.06,IR,1689397947
323,kaa-khem,51.6833,94.7333,28.52,38,3,1.45,RU,1689397947
324,amos,48.5669,-78.1162,14.39,87,66,2.51,CA,1689397948
325,buulobarde,3.8538,45.5674,25.16,73,72,9.09,SO,1689397949
326,las khorey,11.1595,48.1967,32.72,49,1,8.05,SO,1689397949
327,broken hill,-31.95,141.4333,19.33,33,31,5.26,AU,1689397739
328,rio grande,-32.035,-52.0986,7.95,75,100,1.47,BR,1689397949
329,zeya,53.75,127.2667,32.08,31,100,0.69,RU,1689397950
330,punta arenas,-53.15,-70.9167,-1.94,93,0,1.54,CL,1689397744
331,tolanaro,-25.0319,46.9987,19.13,64,87,3.87,MG,1689397951
332,sisimiut,66.9395,-53.6735,7.21,92,100,1.1,GL,1689397951
333,mabaruma,8.2,-59.7833,23.13,99,100,1.01,GY,1689397952
334,pop,40.8736,71.1089,31.27,16,0,0.73,UZ,1689397952
335,aioun,16.6614,-9.6149,27.97,61,89,9.12,MR,1689397952
336,daru,-9.0763,143.2092,25.89,76,50,8.12,PG,1689397952
337,illizi,26.4833,8.4667,24.89,13,0,4.35,DZ,1689397953
338,khandyga,62.6667,135.6,18.92,76,100,0.96,RU,1689397953
339,sibolga,1.7427,98.7792,29.06,61,84,2.11,ID,1689397953
340,karukh,34.4811,62.5863,28.53,17,0,9.29,AF,1689397954
341,bonthe,7.5264,-12.505,23.95,92,100,1.95,SL,1689397954
342,petropavlovsk-kamchatsky,53.0452,158.6483,15.33,88,75,1.0,RU,1689397949
343,darnah,32.767,22.6367,26.77,66,0,6.85,LY,1689397955
344,josenii bargaului,47.2167,24.6833,18.93,77,92,0.87,RO,1689397955
345,kerikeri,-35.2268,173.9474,14.95,83,20,3.1,NZ,1689397955
346,boa vista,2.8197,-60.6733,24.99,94,20,0.51,BR,1689397956
347,fuglafjordur,62.244,-6.814,11.26,91,59,4.74,FO,1689397956
348,kismayo,-0.3582,42.5454,25.93,76,21,7.19,SO,1689397957
349,palangkaraya,-2.2,113.8333,29.14,76,100,0.86,ID,1689397863
350,nadi,-17.8,177.4167,20.0,88,75,4.12,FJ,1689397957
351,jinchang,38.4953,102.1739,30.82,14,4,2.64,CN,1689397958
352,teloloapan,18.35,-99.85,17.8,84,62,1.28,MX,1689397958
353,maragogi,-9.0122,-35.2225,23.28,89,36,1.14,BR,1689397958
354,chehalis,46.662,-122.964,20.74,68,0,0.0,US,1689397959
355,lompoc,34.6391,-120.4579,15.08,88,100,4.92,US,1689397959
356,villamontes,-21.25,-63.5,10.09,70,47,1.08,BO,1689397959
357,poronaysk,49.2167,143.1167,18.27,65,29,3.83,RU,1689397960
358,uthal,25.8072,66.6219,32.01,60,74,2.66,PK,1689397960
359,ephrata,40.1798,-76.1788,23.43,82,30,0.21,US,1689397960
360,phan thiet,10.9333,108.1,31.52,63,99,6.04,VN,1689397873
361,lahad datu,5.0268,118.327,29.31,70,92,2.11,MY,1689397961
362,huntingdon,52.3305,-0.1865,15.68,88,100,2.24,GB,1689397961
363,dunedin,-45.8742,170.5036,12.67,61,71,0.89,NZ,1689397962
364,el granada,37.5027,-122.4694,21.56,88,100,8.75,US,1689397962
365,mournies,35.4764,24.0092,27.22,65,0,0.0,GR,1689397962
366,kapa'a,22.0752,-159.319,27.99,79,20,4.63,US,1689397963
367,conception bay south,47.4999,-52.9981,18.53,94,97,4.1,CA,1689397963
368,mossel bay,-34.1831,22.146,16.96,59,21,4.06,ZA,1689397963
369,patong,7.8961,98.2966,31.12,99,98,7.21,TH,1689397963
370,el calafate,-50.3408,-72.2768,-4.26,72,32,1.86,AR,1689397964
371,kokpekty,48.75,82.4,29.57,29,76,7.79,KZ,1689397964
372,codrington,-38.2667,141.9667,11.84,58,74,6.08,AU,1689397964
373,georgiyevka,43.0369,74.7114,28.02,28,0,2.0,KZ,1689397965
374,maintirano,-18.0667,44.0167,22.8,64,50,2.71,MG,1689397965
375,collie,-33.3667,116.15,14.14,40,0,2.8,AU,1689397966
376,fada,9.5667,8.3,20.33,90,99,0.88,NG,1689397966
377,kidal,18.4411,1.4078,29.43,45,60,2.45,ML,1689397966
378,pacific grove,36.6177,-121.9166,16.23,94,100,3.6,US,1689397967
379,howard springs,-12.497,131.047,30.95,28,16,0.91,AU,1689397967
380,westport,41.1415,-73.3579,25.04,95,75,2.24,US,1689397967
381,new norfolk,-42.7826,147.0587,10.72,55,15,4.32,AU,1689397968
382,cabedelo,-6.9811,-34.8339,24.37,84,2,3.46,BR,1689397706
383,cidreira,-30.1811,-50.2056,9.12,79,97,2.02,BR,1689397968
384,chonchi,-42.6128,-73.8092,2.84,95,69,1.19,CL,1689397969
385,terrell,32.736,-96.2753,33.61,60,0,3.6,US,1689397970
386,ust-nera,64.5667,143.2,29.56,30,22,3.26,RU,1689397970
387,port-gentil,-0.7193,8.7815,21.65,89,18,4.46,GA,1689397970
388,san juan de miraflores,-12.1629,-76.9635,20.29,81,78,3.59,PE,1689397971
389,tarawa,1.419,172.984,30.05,70,75,1.54,KI,1689397766
390,villa hernandarias,-31.231,-59.985,7.92,86,62,2.9,AR,1689397971
391,derzhavinsk,51.1,66.3167,20.57,51,78,10.02,KZ,1689397972
392,galliano,29.4422,-90.2992,28.0,81,76,3.9,US,1689397972
393,punta del este,-34.9667,-54.95,7.71,86,75,2.68,UY,1689397973
394,lhokseumawe,5.1801,97.1507,29.85,57,98,1.72,ID,1689397766
395,miagao,10.6442,122.2352,27.5,87,100,8.05,PH,1689397973
396,lamu,-2.2717,40.902,22.12,83,12,6.4,KE,1689397973
397,pionerskiy,54.9508,20.2275,14.91,76,60,3.48,RU,1689397974
398,sao joao da barra,-21.6403,-41.0511,16.43,77,0,5.25,BR,1689397974
399,tomiya,38.3931,140.8861,22.79,90,100,3.64,JP,1689397955
400,birobidzhan,48.8,132.95,16.49,95,100,1.99,RU,1689397975
401,leava,-14.3,-178.1667,26.77,82,54,9.18,WF,1689397975
402,borazjan,29.2666,51.2159,37.16,29,0,2.13,IR,1689397975
403,pampas,-12.4,-74.9,8.75,88,85,0.66,PE,1689397976
404,drayton valley,53.2168,-114.9854,14.5,85,80,1.79,CA,1689397976
405,gisborne,-38.6533,178.0042,13.5,78,45,1.58,NZ,1689397453
406,lodwar,3.1191,35.5973,24.93,57,85,7.54,KE,1689397977
407,karratha,-20.7377,116.8463,26.42,29,0,9.56,AU,1689397977
408,burang,30.25,81.1667,15.99,61,72,2.02,CN,1689397977
409,ghanzi,-21.5667,21.7833,8.42,63,0,4.73,BW,1689397978
410,corner brook,48.9667,-57.9484,18.09,99,99,1.41,CA,1689397978
411,zav'yalovo,56.7847,53.3776,14.66,93,100,3.37,RU,1689397978
412,tabou,4.423,-7.3528,24.39,85,13,1.31,CI,1689397979
413,fisterra,42.9049,-9.2629,17.64,77,75,6.27,ES,1689397979
414,wanning,18.8003,110.3967,34.68,53,91,0.96,CN,1689397980
415,castillos,-34.1667,-53.8333,5.23,86,100,2.04,UY,1689397980
416,kalampaka,39.7044,21.6269,27.89,48,0,0.56,GR,1689397980
417,abadeh,31.1608,52.6506,27.46,12,0,4.19,IR,1689397980
418,sao vicente,-23.9631,-46.3919,17.21,26,57,1.08,BR,1689397981
419,acarau,-2.8856,-40.12,24.94,85,33,5.83,BR,1689397981
420,houlton,46.1262,-67.8403,20.23,88,40,3.09,US,1689397981
421,balikpapan,-1.2675,116.8289,27.55,89,40,4.63,ID,1689397576
422,i-n-salah,27.1935,2.4607,30.47,12,0,5.84,DZ,1689397982
423,zhoushan,30.0108,122.2047,27.92,83,100,7.72,CN,1689397696
424,antsiranana,-12.2787,49.2917,24.19,53,5,7.81,MG,1689397983
425,tongouson,5.0214,120.1328,28.68,80,96,7.66,PH,1689397983
426,partur,19.6,76.2167,27.66,67,100,6.77,IN,1689397983
427,kingscliff,-28.2667,153.5667,21.89,46,100,5.14,AU,1689397984
428,baikonur,45.6167,63.3167,27.79,22,0,4.96,KZ,1689397984
429,san luis,-33.295,-66.3356,4.58,71,60,0.74,AR,1689397984
430,amga,60.8953,131.9608,19.45,71,100,2.49,RU,1689397985
431,sandnessjoen,66.0217,12.6316,11.29,77,100,5.38,NO,1689397985
432,lihue,21.9789,-159.3672,27.58,73,20,4.63,US,1689397985
433,adam,22.3756,57.5233,30.35,49,32,2.7,OM,1689397986
434,tengrela,10.4869,-6.4097,21.82,96,64,1.9,CI,1689397986
435,celestun,20.8667,-90.4,28.0,78,21,6.19,MX,1689397986
436,bembereke,10.2283,2.6634,21.58,94,84,2.09,BJ,1689397986
437,kousseri,12.0769,15.0306,27.99,53,100,4.04,CM,1689397987
438,merowe,18.4833,31.8167,32.69,11,74,5.13,SD,1689397987
439,troitsko-pechorsk,62.7084,56.1964,18.15,42,88,4.09,RU,1689397988
440,san miguel,13.4833,-88.1833,25.99,74,21,1.15,SV,1689397868
441,long beach,33.767,-118.1892,27.2,75,0,3.09,US,1689397920
442,krasnyy kut,50.95,46.9667,16.04,97,100,5.08,RU,1689397988
443,troitskiy,57.0603,63.7481,18.95,76,100,1.17,RU,1689397989
444,yoichi,43.2039,140.7703,19.72,93,100,3.29,JP,1689397913
445,cadale,2.7603,46.3222,25.99,77,97,7.58,SO,1689397989
446,kupang,-10.1667,123.5833,29.63,50,83,6.1,ID,1689397989
447,rikaze,29.25,88.8833,16.14,54,100,0.96,CN,1689397891
448,bambari,5.768,20.6757,20.91,98,100,2.87,CF,1689397990
449,kirensk,57.7853,108.1119,23.24,45,56,0.53,RU,1689397990
450,malvan,16.0667,73.4667,27.75,76,99,3.25,IN,1689397991
451,ostrow mazowiecka,52.8024,21.8951,19.23,57,52,1.56,PL,1689397991
452,santa ana,33.7456,-117.8678,28.05,70,0,2.57,US,1689397803
453,vera,-29.4593,-60.2126,6.41,88,6,3.37,AR,1689397992
454,egilsstadir,65.2653,-14.3948,5.95,81,75,4.12,IS,1689397992
455,dosso,13.049,3.1937,28.99,61,81,2.79,NE,1689397993
456,n'dalatando,-9.2978,14.9116,17.11,61,3,1.05,AO,1689397993
457,cabo san lucas,22.8909,-109.9124,31.45,66,5,5.31,MX,1689397993
458,hadibu,12.65,54.0333,26.15,72,33,13.11,YE,1689397994
459,howrah,22.5892,88.3103,30.0,79,100,2.57,IN,1689397959
460,bereket,39.2446,55.5154,33.6,19,56,2.69,TM,1689397994
461,pitomaca,45.9506,17.2294,20.98,80,2,1.05,HR,1689397995
462,choibalsan,48.0667,114.5,25.74,30,0,3.0,MN,1689397995
463,caluula,11.9661,50.7569,31.9,56,3,1.98,SO,1689397996
464,aykhal,66.0,111.5,10.52,42,74,6.13,RU,1689397683
465,nabire,-3.3667,135.4833,28.36,72,85,2.19,ID,1689397996
466,breves,-1.6822,-50.4803,22.99,96,15,1.85,BR,1689397996
467,trucuk,-7.7183,110.6589,29.75,58,48,4.54,ID,1689397997
468,ad-damazin,11.7891,34.3592,24.21,77,100,3.72,SD,1689397997
469,nema,57.5067,50.5011,13.74,95,99,3.34,RU,1689397997
470,marat,25.0701,45.4615,34.86,6,2,4.73,SA,1689397998
471,mlyniv,50.509,25.6168,18.85,75,19,1.9,UA,1689397998
472,levin,-40.6333,175.275,12.62,82,66,3.49,NZ,1689397998
473,skovorodino,53.9833,123.9167,29.71,28,5,1.48,RU,1689397998
474,bamboo flat,11.7,92.7167,31.05,70,40,5.14,IN,1689397999
475,lazaro cardenas,17.9583,-102.2,27.25,83,26,1.78,MX,1689397939
476,toguchin,55.2353,84.3858,31.74,38,88,4.86,RU,1689397999
477,fort mcmurray,56.7268,-111.381,17.77,63,100,2.06,CA,1689398000
478,furth im wald,49.3097,12.84,20.03,84,41,1.65,DE,1689398000
479,yanchep,-31.55,115.6833,17.29,38,0,3.49,AU,1689398000
480,ginir,7.1333,40.7,15.63,76,15,5.84,ET,1689398001
481,caleta de carquin,-11.0925,-77.6267,19.69,86,26,3.96,PE,1689398001
482,ungsang-nodongjagu,42.3578,130.4622,19.3,95,100,3.03,KP,1689398001
483,borrazopolis,-23.9411,-51.5875,6.16,81,0,1.61,BR,1689398002
484,esikhaleni,-28.871,31.8996,13.86,72,1,6.09,ZA,1689398002
485,as sulayyil,20.4607,45.5779,32.14,5,92,3.82,SA,1689398003
486,dudinka,69.4058,86.1778,9.82,62,100,3.33,RU,1689398003
487,la ronge,55.1001,-105.2842,14.14,62,75,3.09,CA,1689398004
488,dalandzadgad,43.5708,104.425,26.11,22,0,1.97,MN,1689398005
489,two rivers,44.1539,-87.5693,20.79,89,100,5.66,US,1689398005
490,kourou,5.1552,-52.6478,24.03,84,75,3.14,GF,1689398006
491,yuzhno-kurilsk,44.0306,145.8556,15.75,88,100,2.78,RU,1689398006
492,kulhudhuffushi,6.6221,73.07,28.08,76,48,4.47,MV,1689397884
493,gulf shores,30.246,-87.7008,26.15,81,0,0.45,US,1689398007
494,paramagudi,9.55,78.6,32.7,47,97,1.11,IN,1689398007
495,ceres,37.5949,-120.9577,29.89,53,0,5.14,US,1689398007
496,kolobrzeg,54.1757,15.5834,18.56,65,97,6.09,PL,1689397898
497,brigantine,39.4101,-74.3646,25.05,94,20,2.06,US,1689398008
498,saldanha,-33.0117,17.9442,12.73,84,1,2.51,ZA,1689398008
499,langxiang,46.95,128.8833,15.94,99,100,1.62,CN,1689398008
500,spassk,52.747,87.7545,31.89,33,61,2.24,RU,1689398009
501,nuuk,64.1835,-51.7216,7.34,93,100,3.09,GL,1689398009
502,takoradi,4.8845,-1.7554,24.19,90,61,1.6,GH,1689398010
503,necochea,-38.5473,-58.7368,5.6,80,100,5.94,AR,1689398010
504,kunashak,55.7032,61.5498,17.29,92,100,4.97,RU,1689398010
505,shuangcheng,45.35,126.2833,21.88,85,99,4.21,CN,1689397939
506,north las vegas,36.1989,-115.1175,39.68,10,0,3.09,US,1689398011
507,salahonda,2.1019,-78.7217,26.23,84,98,1.64,CO,1689398011
508,urengoy,65.9667,78.3667,17.44,42,72,4.22,RU,1689398012
509,happy valley-goose bay,53.3168,-60.3315,21.17,73,40,2.06,CA,1689398012
510,turtas,58.9417,69.1325,11.75,97,100,4.65,RU,1689398012
511,houghton,47.1219,-88.569,17.71,91,20,2.06,US,1689398012
512,selfoss,63.9331,-20.9971,7.8,85,81,5.27,IS,1689398013
513,maun,-19.9833,23.4167,8.29,69,7,2.74,BW,1689398013
514,torghay,49.6339,63.4981,23.66,36,5,8.26,KZ,1689398013
515,puerto baquerizo moreno,-0.9,-89.6,25.01,80,69,5.51,EC,1689398014
516,nemuro,43.3236,145.575,15.23,94,100,3.6,JP,1689398015
517,benguela,-12.5763,13.4055,20.06,54,0,1.5,AO,1689398015
518,tutoia,-2.7619,-42.2744,25.09,87,34,5.81,BR,1689398015
519,hobyo,5.3505,48.5268,26.24,76,89,10.38,SO,1689398010
520,usinsk,65.9939,57.5281,20.13,45,0,5.02,RU,1689398016
521,tual,-5.6667,132.75,26.56,78,83,7.22,ID,1689398017
522,hinton,53.4001,-117.5857,14.32,86,63,0.99,CA,1689398017
523,pocatello,42.8713,-112.4455,22.95,25,0,5.14,US,1689397902
524,cozumel,20.5083,-86.9458,26.64,91,62,3.86,MX,1689397955
525,dara,15.3484,-15.4799,26.75,78,93,4.11,SN,1689398018
526,ladario,-19.0047,-57.6017,13.97,50,65,1.26,BR,1689398018
527,karmala,18.4167,75.2,27.66,62,100,7.2,IN,1689398018
528,fortuna,40.5982,-124.1573,15.75,94,100,3.09,US,1689398018
529,korsakov,46.6328,142.7813,18.91,73,100,6.23,RU,1689398019
530,sesheke,-17.4759,24.2968,8.45,73,0,2.01,ZM,1689398019
531,taos,36.4072,-105.5731,23.22,56,0,11.32,US,1689398019
532,manokwari,-0.8667,134.0833,25.62,88,99,7.15,ID,1689398019
533,zhangye,38.9342,100.4517,32.17,14,4,2.77,CN,1689398019
534,camana,-16.6228,-72.7111,17.25,84,46,2.44,PE,1689398020
535,lubao,14.9167,120.55,27.04,76,96,8.01,PH,1689398020
536,tocopilla,-22.092,-70.1979,16.34,74,38,0.56,CL,1689398021
537,ovalle,-30.5983,-71.2003,13.54,49,4,0.38,CL,1689398021
538,isabela,6.7085,121.9711,31.03,62,100,4.53,PH,1689398021
539,kavaratti,10.5669,72.642,28.03,77,81,5.69,IN,1689398021
540,richards bay,-28.783,32.0377,14.66,70,0,6.22,ZA,1689397836
541,stawell,-37.05,142.7667,7.73,90,100,1.5,AU,1689398022
542,at taj,24.2049,23.2857,26.76,18,69,2.29,LY,1689398023
543,roslavl',53.9528,32.8639,16.13,67,72,2.53,RU,1689398023
544,berezovyy,51.6667,135.7,28.41,28,100,3.25,RU,1689398023
545,rauma,61.1272,21.5113,16.02,76,2,3.73,FI,1689397930
546,mar del plata,-38.0023,-57.5575,6.64,84,100,5.36,AR,1689397938
547,fort bragg,35.139,-79.006,24.55,95,0,2.06,US,1689398025
548,sao tome,0.3365,6.7273,23.43,87,68,4.2,ST,1689398025
549,altay,47.8667,88.1167,33.67,18,2,3.23,CN,1689398025
550,dolinsk,47.35,142.8,14.67,76,100,2.96,RU,1689398025
551,saurimo,-9.6608,20.3916,13.43,52,0,2.5,AO,1689398026
552,dondo,-19.6094,34.7431,17.73,91,85,2.51,MZ,1689398026
553,galveston,29.3669,-94.9669,29.05,88,0,5.66,US,1689398026
554,arawa,-6.2132,155.5367,24.36,99,100,0.78,PG,1689398026
555,kramators'k,48.723,37.5563,17.65,91,82,3.19,UA,1689398026
556,matoury,4.8483,-52.3317,23.98,94,0,0.0,GF,1689398027
557,kristiansund,63.1115,7.732,13.36,76,8,1.54,NO,1689398028
558,apodi,-5.6642,-37.7989,22.32,85,0,2.51,BR,1689398028
559,socorro,31.6546,-106.3033,34.56,24,40,3.09,US,1689398028
560,titabar,26.6,94.2,31.63,68,90,2.37,IN,1689397855
561,balabac,7.9868,117.0645,28.5,78,84,11.12,PH,1689398029
562,pathein,16.7833,94.7333,29.56,70,93,4.0,MM,1689398030
563,dzhalagash,45.0833,64.6667,27.95,25,0,4.77,KZ,1689398031
564,soe,-9.8607,124.284,26.21,41,47,3.9,ID,1689398031
565,tuy hoa,13.0833,109.3,34.39,50,95,7.01,VN,1689397921
566,port hedland,-20.3167,118.5667,28.03,23,0,7.72,AU,1689398032
567,san patricio,28.017,-97.5169,28.94,85,1,6.28,US,1689398033
568,umm kaddadah,13.6017,26.6876,28.69,55,92,5.93,SD,1689398033
569,ormara,25.2088,64.6357,28.62,78,84,7.28,PK,1689398033
570,kayes,14.0,-11.0,26.72,66,33,2.93,ML,1689398034
571,fangshan,39.6983,115.9925,33.63,25,11,5.23,CN,1689398034
572,banda aceh,5.5577,95.3222,30.77,59,75,6.75,ID,1689398009
573,sompeta,18.9333,84.6,26.94,88,100,2.97,IN,1689398034
574,keelung,25.1283,121.7419,35.94,72,95,8.36,TW,1689397737
575,kavalerovo,44.2661,135.0572,16.73,98,100,0.94,RU,1689398035
576,baruun-urt,46.6806,113.2792,25.07,27,0,4.93,MN,1689398035
577,pasuquin,18.3328,120.6177,29.97,79,100,4.12,PH,1689398036
578,san cristobal,7.7669,-72.225,21.1,98,100,1.19,VE,1689397954
579,m'sila,35.7058,4.5419,30.06,21,1,7.11,DZ,1689398036
580,peniche,39.3558,-9.3811,20.16,75,45,4.76,PT,1689398036
581,mancio lima,-7.6142,-72.8958,25.04,88,0,1.03,BR,1689398036
582,ngambe,4.2333,10.6167,20.41,99,91,0.5,CM,1689398037
583,neyriz,29.1988,54.3278,30.52,13,4,2.42,IR,1689398037
584,ancud,-41.8697,-73.8203,6.82,81,35,2.56,CL,1689398038
585,massaguet,12.4755,15.4365,28.75,50,100,6.14,TD,1689398038
586,kingston,17.997,-76.7936,26.25,81,4,0.45,JM,1689397909
587,taoudenni,22.6783,-3.9836,32.72,6,0,4.4,ML,1689398038
588,beitbridge,-22.2167,30.0,10.86,75,4,2.8,ZW,1689398039
589,bengkulu,-3.8004,102.2655,27.5,73,95,3.04,ID,1689398039
590,horizon city,31.6926,-106.2075,33.83,30,17,2.64,US,1689398040
591,ta`u,-14.2336,-169.5144,27.21,78,49,7.36,AS,1689398040
592,weno,7.4515,151.8468,30.97,70,75,3.09,FM,1689398041
593,shirgaon,19.7,72.7,27.96,81,100,4.65,IN,1689398041
